name,category
a shadow of a palm tree on the side of a house,Editorial
a man sitting at a table using a laptop computer,Editorial
a woman standing on a beach next to some rocks,Editorial
a close up of a flower with a pair of earrings,Editorial
a painting of a vase with flowers in it,Editorial
,
,
,
,
a man in a white suit standing next to a woman,Editorial
a woman holding a white cloth over her head,Editorial
,
a white abstract background with hexagonal shapes,Editorial
a woman sitting in the sand with her hand on her chin,Editorial
the moon is shining in the dark sky,
,
a group of people sitting on a bench near a geyser,Editorial
two pieces of food on a green plate,
a man riding a mountain bike through a creek,
a woman's hands are covered in chocolate,
a person holding a cell phone in their hands,
man in black knit cap and black framed eyeglasses,
woman in black shirt holding telephone and cigarette,
woman in black tank top standing near white window curtain,
a close up of a comb with brown hair,
a cat is hiding in the tall grass,
man in brown and black coat,
a building with a tree in front of it,
a man is walking down a cobblestone street,
a close up of a white flower on a white background,
a yellow chair sitting in a room next to a window,
a man standing next to a tent in the desert,
a ring floating on top of a body of water,
a woman taking a picture of a man and a dog,
a palm tree on a beach with the ocean in the background,
a palm tree sitting on top of a sandy beach,
a group of people standing next to each other,
a yellow and green wall,Editorial
a blurry photo of a plane flying in the sky,Editorial
white and beige flowers,Editorial
a green plant in a glass of water,Editorial
a cell phone with a green screen on a white surface,
a brick wall with a arrow painted on it,
blue water with white bubbles,Editorial
a group of rooftops with a clock on each of them,
a close up of a palm tree with yellow leaves,
a large ferris wheel sitting next to a tall building,
a river running through a lush green valley,Editorial
a tall yellow brick building with windows and balconies,
a couple of bikes parked in front of a building,
background pattern,Editorial
a group of colorful objects sitting on top of a table,Editorial
a blurry photo of the sun setting in the sky,Editorial
two people standing in the snow at night,
a group of birds sitting on top of a rock formation,
a close up of a tree with red berries,
a black and white image of a man's face,
a black and white photo of wavy lines,Editorial
a mountain is reflected in the still water of a lake,
an empty building with a yellow wall in front of it,Editorial
brown concrete wall,Editorial
a group of people sitting on the ground,
a person standing on a balcony of a building,
a black and white photo of a woman in a dress,
a person wearing a white shirt with green text on it,
a tall building with a glass pyramid in front of it,
pink flowers blooming on a tree in front of a building,
a person taking a picture of a table with books,
a group of green and yellow objects in a room,
a clock on a pole in front of a palm tree,Editorial
a floor lamp casts a shadow on a wall,
white textile,Editorial
a person walking down a long hallway between two buildings,Editorial
a rock formation with water in the middle of it,
a painting of a cloudy sky over a body of water,
pink rose in bloom on womans hand,Editorial
a group of bottles on the ground,
a lifeguard tower sitting on top of a sandy beach,
a bird flying through a blue sky above trees,
a close up of a green and black object,
a lush green forest filled with lots of trees,
a building with arches and a clock on the wall,
four orange jellyfish,Editorial
a bunch of stairs that are next to some flowers,
a city street filled with lots of traffic at night,
a close up of a building with balconies,
a painting of a man standing on top of a hill,
a black and white photo of a man with a goatee,Editorial
,
a close up of a blue bird on the ground,
man in black and white plaid dress shirt sitting on black office rolling chair,
,
